customer_id,name,segment,city,industry,tenure_years,product_count,annual_value
C1001,Aarav Mehta,Premium,Mumbai,Insurance,6.2,4,220000
C1002,Diya Nair,Mass Affluent,Bengaluru,Lending,2.1,2,98000
C1003,Vikram Rao,Premium,Hyderabad,Insurance,4.8,3,175000
C1004,Meera Iyer,Emerging,Pune,Lending,1.4,1,42000
C1005,Kabir Sharma,Mass Affluent,Delhi,Insurance,3.5,2,115000
C1006,Ananya Gupta,Premium,Chennai,Lending,7.1,5,310000
C1007,Rohan Das,Emerging,Kolkata,Insurance,0.9,1,36000
C1008,Nisha Menon,Mass Affluent,Kochi,Lending,2.9,2,89000
C1009,Arjun Kapoor,Premium,Gurugram,Insurance,5.4,4,260000
C1010,Sara Khan,Mass Affluent,Jaipur,Lending,3.1,3,104000
